run_id,call_no,kind,P,R,U,G,F_lin,F_attn,F,R_clm_aux,P_server,R_server,dP,validation
ta1.econo+jev.acl-permissions-inheritance.r1,1,agent,774,0,774,80,41590749921280,143389360128.0,41734139281408.0,0,774,0,0,identical
ta1.econo+jev.acl-permissions-inheritance.r1,2,agent,963,768,195,153,16947987087360,128902496256.0,17076889583616.0,768,963,128,0,"tools block only, keys reordered (dP +0)"
ta1.econo+jev.acl-permissions-inheritance.r1,3,agent,1253,960,293,180,23035626127360,222538432512.0,23258164559872.0,960,1250,48,-3,"tools block only, keys reordered (dP -3)"
ta1.econo+jev.acl-permissions-inheritance.r1,4,agent,1531,1248,283,190,23035626127360,276103888896.0,23311730016256.0,1248,1530,272,-1,"tools block only, keys reordered (dP -1)"
ta1.raw.acl-permissions-inheritance.r1,1,agent,774,0,774,100,42564772167680,150184132608.0,42714956300288.0,0,773,0,-1,"tools block only, keys reordered (dP -1)"
ta1.raw.acl-permissions-inheritance.r1,2,agent,925,768,157,169,15876562616320,119343415296.0,15995906031616.0,768,925,128,0,"tools block only, keys reordered (dP +0)"
ta1.raw.acl-permissions-inheritance.r1,3,agent,1223,912,311,241,26883014000640,257861615616.0,27140875616256.0,912,1221,48,-2,"tools block only, keys reordered (dP -2)"
ta1.raw.acl-permissions-inheritance.r1,4,agent,1396,1216,180,103,13782414786560,151062773760.0,13933477560320.0,1216,1395,128,-1,"tools block only, keys reordered (dP -1)"
ta1.raw.acl-permissions-inheritance.r1,5,agent,1534,1392,142,196,16460975964160,207467839488.0,16668443803648.0,1392,1534,128,0,"tools block only, keys reordered (dP +0)"
ta1.raw.acl-permissions-inheritance.r1,6,agent,1711,1520,191,230,20503168286720,286473781248.0,20789642067968.0,1520,1708,272,-3,"tools block only, keys reordered (dP -3)"
