arm,calls,computed_replay,computed_server,edits,exception,generated,max_tokens_hit,passed,peak_prompt,pflops_replay,pflops_server,rep,replay_error,reused_replay,reused_server,reward,rollbacks,server_source,task
clm,5,3845,5717,0,,1671,0,0,3817,0.273446105691136,0.366311955653632,1,,9712,7840,0.0,0,server_usage_cached,acl-permissions-inheritance
clm,12,17036,19788,0,,3511,0,1,12630,1.050982977113344,1.192654677036288,1,,66256,63504,1.0,0,server_usage_cached,anomaly-detection-ranking
clm,64,30400,55872,0,,51245,18,0,15329,4.26206763921792,5.583790976626432,1,,527232,501760,0.0,0,server_usage_cached,api-endpoint-permission-canonicalizer
clm,4,5215,5018,0,CancelledError,276,0,0,5074,0.273283493567744,0.26327611204864,1,,13040,12306,,0,hf:Qwen/Qwen3.6-27B,bandit-delayed-feedback
clm,11,25464,29016,0,CancelledError,7912,0,0,17781,1.748986232974243,1.935801866668963,1,,86656,83104,,0,server_usage_cached,chained-forensic-extraction_20260101_011957
clm,7,22598,20446,0,CancelledError,1389,0,0,19175,1.2574361450722378,1.1521921023146788,1,,59568,62141,,0,hf:Qwen/Qwen3.6-27B,malicious-package-forensics
clm,18,37116,51948,0,,7668,1,1,18409,2.342820024029184,3.103790360764416,1,,123808,108976,1.0,0,server_usage_cached,maven-slf4j-conflict
clm,9,6755,9251,0,,1847,0,1,6702,0.43091784636433067,0.5571842588796587,1,,29936,27440,1.0,0,server_usage_cached,pandas-etl
clm,9,4408,4363,0,CancelledError,10542,5,0,4264,0.750410403920384,0.747591003535104,1,,30368,29185,,0,hf:Qwen/Qwen3.6-27B,sales-data-csv-analysis
clm,64,17924,40356,0,,45269,21,0,10771,3.276604693766912,4.442410247373568,1,,521840,499408,0.0,0,server_usage_cached,scan-linux-persistence-artifacts
