label,setup,arm,task,repeat,counted,passed,run_cost_usd,model_calls,uncached_input_tokens,cached_input_tokens,output_tokens,jev_input_tokens,not_counted_because,run_id
gx1,EconoContext,econo+jev,acl-permissions-inheritance,1,True,True,0.0832,22,70176,44160,7255,0,,gx1:econo+jev:acl-permissions-inheritance:r1
gx1,EconoContext,econo+jev,anomaly-detection-ranking,1,True,True,0.1572,27,115789,260685,13547,9952,,gx1:econo+jev:anomaly-detection-ranking:r1
gx1,EconoContext,econo+jev,api-endpoint-permission-canonicalizer,1,True,True,0.4675,28,252810,606910,61961,67598,,gx1:econo+jev:api-endpoint-permission-canonicalizer:r1
gx1,EconoContext,econo+jev,bandit-delayed-feedback,1,True,False,0.7551,60,508852,1839784,62806,59905,,gx1:econo+jev:bandit-delayed-feedback:r1
gx1,EconoContext,econo+jev,chained-forensic-extraction_20260101_011957,1,True,True,0.1361,22,81251,116809,17719,0,,gx1:econo+jev:chained-forensic-extraction_20260101_011957:r1
gx1,EconoContext,econo+jev,malicious-package-forensics,1,True,True,0.7061,44,466385,1545114,64114,214506,,gx1:econo+jev:malicious-package-forensics:r1
gx1,EconoContext,econo+jev,maven-slf4j-conflict,1,True,True,0.2748,38,248952,318592,17112,309659,,gx1:econo+jev:maven-slf4j-conflict:r1
gx1,EconoContext,econo+jev,pandas-etl,1,True,True,0.0898,13,66679,17874,10259,15605,,gx1:econo+jev:pandas-etl:r1
gx1,EconoContext,econo+jev,sales-data-csv-analysis,1,True,True,0.2848,20,198807,131219,33564,30216,,gx1:econo+jev:sales-data-csv-analysis:r1
gx1,EconoContext,econo+jev,scan-linux-persistence-artifacts,1,True,True,0.5425,50,365916,1097515,49528,179388,,gx1:econo+jev:scan-linux-persistence-artifacts:r1
gx1,No EconoContext,raw,acl-permissions-inheritance,1,True,True,0.0514,16,43697,11402,4739,0,,gx1:raw:acl-permissions-inheritance:r1
gx1,No EconoContext,raw,anomaly-detection-ranking,1,True,True,0.1581,28,118878,268537,13017,0,,gx1:raw:anomaly-detection-ranking:r1
gx1,No EconoContext,raw,api-endpoint-permission-canonicalizer,1,True,True,0.4797,26,323846,715315,48835,0,,gx1:raw:api-endpoint-permission-canonicalizer:r1
gx1,No EconoContext,raw,bandit-delayed-feedback,1,True,False,0.7522,60,608167,1317430,52601,0,,gx1:raw:bandit-delayed-feedback:r1
gx1,No EconoContext,raw,chained-forensic-extraction_20260101_011957,1,True,True,0.172,21,116832,121599,20066,0,,gx1:raw:chained-forensic-extraction_20260101_011957:r1
gx1,No EconoContext,raw,malicious-package-forensics,1,False,,0.1803,15,165934,192380,12397,0,AttributeError (never graded),gx1:raw:malicious-package-forensics:r1
gx1,No EconoContext,raw,maven-slf4j-conflict,1,True,True,0.634,30,663996,1009013,16080,0,,gx1:raw:maven-slf4j-conflict:r1
gx1,No EconoContext,raw,pandas-etl,1,True,True,0.0735,12,46376,23838,9857,0,,gx1:raw:pandas-etl:r1
gx1,No EconoContext,raw,sales-data-csv-analysis,1,True,False,0.4486,25,274274,514393,54497,0,,gx1:raw:sales-data-csv-analysis:r1
gx1,No EconoContext,raw,scan-linux-persistence-artifacts,1,True,True,0.6462,39,406852,1803565,54885,0,,gx1:raw:scan-linux-persistence-artifacts:r1
gx1b,No EconoContext,raw,malicious-package-forensics,1,True,True,0.7403,28,507215,1506594,65848,0,,gx1b:raw:malicious-package-forensics:r1
gx23,EconoContext,econo+jev,acl-permissions-inheritance,2,True,True,0.0415,15,36305,11345,3577,0,,gx23:econo+jev:acl-permissions-inheritance:r2
gx23,EconoContext,econo+jev,acl-permissions-inheritance,3,True,True,0.0487,17,46617,7524,3503,0,,gx23:econo+jev:acl-permissions-inheritance:r3
gx23,EconoContext,econo+jev,anomaly-detection-ranking,2,True,True,0.1521,23,120271,173415,13035,0,,gx23:econo+jev:anomaly-detection-ranking:r2
gx23,EconoContext,econo+jev,anomaly-detection-ranking,3,True,True,0.1576,27,115909,264834,13537,15420,,gx23:econo+jev:anomaly-detection-ranking:r3
gx23,EconoContext,econo+jev,api-endpoint-permission-canonicalizer,2,True,True,0.4022,23,223339,240966,57770,57952,,gx23:econo+jev:api-endpoint-permission-canonicalizer:r2
gx23,EconoContext,econo+jev,api-endpoint-permission-canonicalizer,3,True,True,0.4981,27,315605,829192,53117,75543,,gx23:econo+jev:api-endpoint-permission-canonicalizer:r3
gx23,EconoContext,econo+jev,bandit-delayed-feedback,2,True,False,0.5385,44,366753,1174349,46768,100001,,gx23:econo+jev:bandit-delayed-feedback:r2
gx23,EconoContext,econo+jev,bandit-delayed-feedback,3,True,False,0.6964,57,477494,1571433,58767,94311,,gx23:econo+jev:bandit-delayed-feedback:r3
gx23,EconoContext,econo+jev,chained-forensic-extraction_20260101_011957,2,True,True,0.1314,18,79414,53307,18090,0,,gx23:econo+jev:chained-forensic-extraction_20260101_011957:r2
gx23,EconoContext,econo+jev,chained-forensic-extraction_20260101_011957,3,True,True,0.1484,21,84084,113447,20499,0,,gx23:econo+jev:chained-forensic-extraction_20260101_011957:r3
gx23,EconoContext,econo+jev,malicious-package-forensics,2,True,False,0.6446,39,521596,1447517,38633,192113,,gx23:econo+jev:malicious-package-forensics:r2
gx23,EconoContext,econo+jev,malicious-package-forensics,3,True,True,0.3857,25,318276,398617,31238,193003,,gx23:econo+jev:malicious-package-forensics:r3
gx23,EconoContext,econo+jev,maven-slf4j-conflict,2,True,True,0.3225,36,289481,376866,20578,179955,,gx23:econo+jev:maven-slf4j-conflict:r2
gx23,EconoContext,econo+jev,maven-slf4j-conflict,3,True,True,0.2546,36,249154,182990,14408,258616,,gx23:econo+jev:maven-slf4j-conflict:r3
gx23,EconoContext,econo+jev,pandas-etl,2,True,True,0.0926,15,57798,57725,11980,0,,gx23:econo+jev:pandas-etl:r2
gx23,EconoContext,econo+jev,pandas-etl,3,True,True,0.0655,13,41307,39718,8418,0,,gx23:econo+jev:pandas-etl:r3
gx23,EconoContext,econo+jev,sales-data-csv-analysis,2,True,True,0.231,18,147304,102633,30078,18795,,gx23:econo+jev:sales-data-csv-analysis:r2
gx23,EconoContext,econo+jev,sales-data-csv-analysis,3,True,True,0.3091,30,218713,256550,33546,43217,,gx23:econo+jev:sales-data-csv-analysis:r3
gx23,EconoContext,econo+jev,scan-linux-persistence-artifacts,2,True,True,0.5904,40,418636,990210,53915,168593,,gx23:econo+jev:scan-linux-persistence-artifacts:r2
gx23,EconoContext,econo+jev,scan-linux-persistence-artifacts,3,True,True,0.5771,48,415014,988368,51119,200542,,gx23:econo+jev:scan-linux-persistence-artifacts:r3
gx23,No EconoContext,raw,acl-permissions-inheritance,2,True,True,0.0676,20,62847,18949,5068,0,,gx23:raw:acl-permissions-inheritance:r2
gx23,No EconoContext,raw,acl-permissions-inheritance,3,True,True,0.0797,22,63774,56097,7370,0,,gx23:raw:acl-permissions-inheritance:r3
gx23,No EconoContext,raw,anomaly-detection-ranking,2,True,True,0.1703,31,134740,316003,12150,0,,gx23:raw:anomaly-detection-ranking:r2
gx23,No EconoContext,raw,anomaly-detection-ranking,3,True,True,0.1348,24,107773,162674,11142,0,,gx23:raw:anomaly-detection-ranking:r3
gx23,No EconoContext,raw,api-endpoint-permission-canonicalizer,2,True,True,0.5162,26,398812,585758,46166,0,,gx23:raw:api-endpoint-permission-canonicalizer:r2
gx23,No EconoContext,raw,api-endpoint-permission-canonicalizer,3,True,True,0.4672,22,321249,495156,50445,0,,gx23:raw:api-endpoint-permission-canonicalizer:r3
gx23,No EconoContext,raw,bandit-delayed-feedback,2,True,False,0.7726,54,531567,1848681,62742,0,,gx23:raw:bandit-delayed-feedback:r2
gx23,No EconoContext,raw,bandit-delayed-feedback,3,True,False,0.6123,60,416788,1546515,48997,0,,gx23:raw:bandit-delayed-feedback:r3
gx23,No EconoContext,raw,chained-forensic-extraction_20260101_011957,2,True,True,0.1484,19,86334,99782,20307,0,,gx23:raw:chained-forensic-extraction_20260101_011957:r2
gx23,No EconoContext,raw,chained-forensic-extraction_20260101_011957,3,True,True,0.0987,14,66892,41715,12113,0,,gx23:raw:chained-forensic-extraction_20260101_011957:r3
gx23,No EconoContext,raw,malicious-package-forensics,2,True,True,0.3281,18,292362,445151,20119,0,,gx23:raw:malicious-package-forensics:r2
gx23,No EconoContext,raw,malicious-package-forensics,3,True,True,0.3356,15,320247,182920,21775,0,,gx23:raw:malicious-package-forensics:r3
gx23,No EconoContext,raw,maven-slf4j-conflict,2,True,True,0.394,26,368226,774279,15940,0,,gx23:raw:maven-slf4j-conflict:r2
gx23,No EconoContext,raw,maven-slf4j-conflict,3,True,True,0.4767,24,444689,1061528,16955,0,,gx23:raw:maven-slf4j-conflict:r3
gx23,No EconoContext,raw,pandas-etl,2,True,True,0.0696,15,45894,31695,8754,0,,gx23:raw:pandas-etl:r2
gx23,No EconoContext,raw,pandas-etl,3,True,True,0.0725,15,49555,33613,8754,0,,gx23:raw:pandas-etl:r3
gx23,No EconoContext,raw,sales-data-csv-analysis,2,True,False,0.3044,21,200901,215558,36671,0,,gx23:raw:sales-data-csv-analysis:r2
gx23,No EconoContext,raw,sales-data-csv-analysis,3,True,False,0.4553,27,366292,280095,42547,0,,gx23:raw:sales-data-csv-analysis:r3
gx23,No EconoContext,raw,scan-linux-persistence-artifacts,2,True,True,0.7081,38,450305,1908860,60581,0,,gx23:raw:scan-linux-persistence-artifacts:r2
gx23,No EconoContext,raw,scan-linux-persistence-artifacts,3,True,True,0.7968,44,548419,2016145,62484,0,,gx23:raw:scan-linux-persistence-artifacts:r3
gx4,"EconoContext, no cache guess",econo+jev-nocache,api-endpoint-permission-canonicalizer,1,False,,0,0,0,0,0,0,RateLimitError (never graded),gx4:econo+jev-nocache:api-endpoint-permission-canonicalizer:r1
gx4,"EconoContext, no cache guess",econo+jev-nocache,api-endpoint-permission-canonicalizer,2,False,,0,0,0,0,0,0,RateLimitError (never graded),gx4:econo+jev-nocache:api-endpoint-permission-canonicalizer:r2
gx4,"EconoContext, no cache guess",econo+jev-nocache,bandit-delayed-feedback,1,False,,0.4364,40,295562,705455,43163,85507,RateLimitError (never graded),gx4:econo+jev-nocache:bandit-delayed-feedback:r1
gx4,"EconoContext, no cache guess",econo+jev-nocache,bandit-delayed-feedback,2,False,,0,0,0,0,0,0,RateLimitError (never graded),gx4:econo+jev-nocache:bandit-delayed-feedback:r2
gx4,"EconoContext, no cache guess",econo+jev-nocache,malicious-package-forensics,1,True,True,0.4401,31,389880,575495,27877,228130,,gx4:econo+jev-nocache:malicious-package-forensics:r1
gx4,"EconoContext, no cache guess",econo+jev-nocache,malicious-package-forensics,2,False,,0,0,0,0,0,0,RateLimitError (never graded),gx4:econo+jev-nocache:malicious-package-forensics:r2
gx4,"EconoContext, no cache guess",econo+jev-nocache,maven-slf4j-conflict,1,False,,0.0694,22,61196,50640,5256,120679,RateLimitError (never graded),gx4:econo+jev-nocache:maven-slf4j-conflict:r1
gx4,"EconoContext, no cache guess",econo+jev-nocache,maven-slf4j-conflict,2,False,,0,0,0,0,0,0,RateLimitError (never graded),gx4:econo+jev-nocache:maven-slf4j-conflict:r2
gx4,"EconoContext, no cache guess",econo+jev-nocache,scan-linux-persistence-artifacts,1,False,,0,0,0,0,0,0,RateLimitError (never graded),gx4:econo+jev-nocache:scan-linux-persistence-artifacts:r1
gx4,"EconoContext, no cache guess",econo+jev-nocache,scan-linux-persistence-artifacts,2,False,,0,0,0,0,0,0,RateLimitError (never graded),gx4:econo+jev-nocache:scan-linux-persistence-artifacts:r2
gx4b,"EconoContext, no cache guess",econo+jev-nocache,api-endpoint-permission-canonicalizer,1,True,True,0.379,13,270625,121805,44500,18030,,gx4b:econo+jev-nocache:api-endpoint-permission-canonicalizer:r1
gx4b,"EconoContext, no cache guess",econo+jev-nocache,api-endpoint-permission-canonicalizer,2,True,True,0.3941,27,210757,230274,58326,69988,,gx4b:econo+jev-nocache:api-endpoint-permission-canonicalizer:r2
gx4b,"EconoContext, no cache guess",econo+jev-nocache,bandit-delayed-feedback,1,True,True,0.7279,59,474565,1687574,65455,87322,,gx4b:econo+jev-nocache:bandit-delayed-feedback:r1
gx4b,"EconoContext, no cache guess",econo+jev-nocache,bandit-delayed-feedback,2,True,True,0.6223,50,396853,1495946,56646,54597,,gx4b:econo+jev-nocache:bandit-delayed-feedback:r2
gx4b,"EconoContext, no cache guess",econo+jev-nocache,malicious-package-forensics,2,True,True,0.3826,31,275902,788658,31070,188121,,gx4b:econo+jev-nocache:malicious-package-forensics:r2
gx4b,"EconoContext, no cache guess",econo+jev-nocache,maven-slf4j-conflict,1,True,True,0.2592,40,229671,236039,18459,341370,,gx4b:econo+jev-nocache:maven-slf4j-conflict:r1
gx4b,"EconoContext, no cache guess",econo+jev-nocache,maven-slf4j-conflict,2,True,True,0.2604,36,236988,387640,14284,247195,,gx4b:econo+jev-nocache:maven-slf4j-conflict:r2
gx4b,"EconoContext, no cache guess",econo+jev-nocache,scan-linux-persistence-artifacts,1,True,True,0.6532,44,428837,1364956,61121,227170,,gx4b:econo+jev-nocache:scan-linux-persistence-artifacts:r1
gx4b,"EconoContext, no cache guess",econo+jev-nocache,scan-linux-persistence-artifacts,2,True,True,0.5091,39,393044,724812,42642,258053,,gx4b:econo+jev-nocache:scan-linux-persistence-artifacts:r2
